"","PROTEIN_ID","Protein_Change","SCORE...7","PREDICTION (cutoff=-2.5)","SCORE...11","PREDICTION (cutoff=0.05)","prediction","pph2_prob","message","Pdel","Prediction","Score","Func. Impact","FI score","acr_protein","aa1","aa2","rsID","Allele Frequency"
"1","ENSP00000371483","D68G",-3.94,"Deleterious",0.004,"Damaging","probably damaging",0.998,"probably damaging","0.89","PASSENGER/OTHER",2.06,"medium",2.625,"p.Asp68Gly","D","G",NA,NA
"2","ENSP00000371483","G551C",-7.89,"Deleterious",0,"Damaging","probably damaging",1,"probably damaging","0.89","PASSENGER/OTHER",2.74,"high",3.615,"p.Gly551Cys","G","C",NA,NA
"3","ENSP00000371483","A121T",-3.5,"Deleterious",0.001,"Damaging","probably damaging",0.999,"probably damaging","0.89","PASSENGER/OTHER",0.9,"medium",2.43,"p.Ala121Thr","A","T","rs565847214",1.192937808175e-05
"4","ENSP00000371483","P584L",-8.08,"Deleterious",0,"Damaging","probably damaging",1,"probably damaging","0.89","PASSENGER/OTHER",0.35,"medium",3.46,"p.Pro584Leu","P","L","rs758313049",7.07218580046e-06
"5","ENSP00000371483","S434Y",-5.8,"Deleterious",0,"Damaging","possibly damaging",0.878,"probably damaging","0.89","PASSENGER/OTHER",0.35,"high",4.855,"p.Ser434Tyr","S","Y",NA,NA
"6","ENSP00000371483","G546D",-5.73,"Deleterious",0.006,"Damaging","probably damaging",0.994,"probably damaging","0.95","PASSENGER/OTHER",2.54,"high",3.645,"p.Gly546Asp","G","D",NA,NA
"7","ENSP00000371483","A473T",-3.53,"Deleterious",0.002,"Damaging","probably damaging",0.999,"probably damaging","0.89","PASSENGER/OTHER",0.73,"medium",2.965,"p.Ala473Thr","A","T","rs377112763",4.242021464628e-05
"8","ENSP00000371483","Y503H",-4.59,"Deleterious",0,"Damaging","probably damaging",1,"probably damaging","0.95","PASSENGER/OTHER",0.9,"high",3.63,"p.Tyr503His","Y","H",NA,NA
"9","ENSP00000371483","G216V",-8.5,"Deleterious",0.025,"Damaging","probably damaging",1,"probably damaging","0.89","PASSENGER/OTHER",1.11,"low",1.625,"p.Gly216Val","G","V",NA,NA
"10","ENSP00000371483","P52L",-4.72,"Deleterious",0.002,"Damaging","probably damaging",1,"probably damaging","0.57","PASSENGER/OTHER",2.48,"medium",2.625,"p.Pro52Leu","P","L","rs374467761",1.590760860919e-05
"11","ENSP00000371483","V228E",-5.66,"Deleterious",0,"Damaging","probably damaging",0.999,"probably damaging","0.89","PASSENGER/OTHER",0.64,"high",3.955,"p.Val228Glu","V","E",NA,NA
"12","ENSP00000371483","G191A",-4.87,"Deleterious",0.028,"Damaging","probably damaging",1,"probably damaging","0.95","CANCER",-0.98,"high",3.875,"p.Gly191Ala","G","A",NA,NA
"13","ENSP00000371483","P506L",-9.14,"Deleterious",0,"Damaging","probably damaging",1,"probably damaging","0.95","PASSENGER/OTHER",2.41,"medium",3.17,"p.Pro506Leu","P","L",NA,NA
"14","ENSP00000371483","A396T",-3.25,"Deleterious",0.015,"Damaging","probably damaging",0.996,"probably damaging","0.89","PASSENGER/OTHER",0.92,"medium",2.695,"p.Ala396Thr","A","T","rs560657112",1.995593729046e-05
"15","ENSP00000371483","G257A",-5.41,"Deleterious",0.038,"Damaging","probably damaging",1,"probably damaging","0.74","PASSENGER/OTHER",2.75,"medium",3.125,"p.Gly257Ala","G","A",NA,NA
"16","ENSP00000371483","G257E",-7.05,"Deleterious",0.044,"Damaging","probably damaging",0.998,"probably damaging","0.74","PASSENGER/OTHER",2.72,"medium",2.92,"p.Gly257Glu","G","E",NA,NA
"17","ENSP00000371483","P183H",-7.84,"Deleterious",0,"Damaging","probably damaging",1,"probably damaging","0.89","PASSENGER/OTHER",0.83,"high",3.56,"p.Pro183His","P","H",NA,NA
"18","ENSP00000371483","S372F",-5.39,"Deleterious",0,"Damaging","probably damaging",1,"probably damaging","0.74","PASSENGER/OTHER",2.48,"medium",3.465,"p.Ser372Phe","S","F",NA,NA
"19","ENSP00000371483","S484L",-4.32,"Deleterious",0.003,"Damaging","probably damaging",0.992,"probably damaging","0.57","PASSENGER/OTHER",0.91,"medium",2.525,"p.Ser484Leu","S","L",NA,NA
"20","ENSP00000371483","G205E",-5.8,"Deleterious",0.009,"Damaging","probably damaging",0.998,"probably damaging","0.74","PASSENGER/OTHER",2.56,"high",3.61,"p.Gly205Glu","G","E",NA,NA
"21","ENSP00000371483","Q431H",-4.82,"Deleterious",0.006,"Damaging","probably damaging",1,"probably damaging","0.95","PASSENGER/OTHER",-0.12,"medium",3.095,"p.Gln431His","Q","H",NA,NA
"22","ENSP00000371483","P410S",-7.35,"Deleterious",0.003,"Damaging","probably damaging",1,"probably damaging","0.95","PASSENGER/OTHER",0.75,"medium",2.97,"p.Pro410Ser","P","S",NA,NA
"23","ENSP00000371483","P506R",-8.27,"Deleterious",0,"Damaging","probably damaging",1,"probably damaging","0.95","PASSENGER/OTHER",2.3,"medium",3.23,"p.Pro506Arg","P","R","rs769551404",1.990826272536e-05
"24","ENSP00000371483","G146R",-6.68,"Deleterious",0.001,"Damaging","probably damaging",0.999,"probably damaging","0.95","PASSENGER/OTHER",0.39,"high",4.45,"p.Gly146Arg","G","R","rs1313059606",3.97946595566e-06
"25","ENSP00000371483","P410L",-9.26,"Deleterious",0.003,"Damaging","probably damaging",1,"probably damaging","0.95","PASSENGER/OTHER",0.7,"medium",3.02,"p.Pro410Leu","P","L",NA,NA
"26","ENSP00000371483","D221V",-8.1,"Deleterious",0,"Damaging","probably damaging",0.993,"probably damaging","0.95","PASSENGER/OTHER",1.07,"low",1.12,"p.Asp221Val","D","V",NA,NA
"27","ENSP00000371483","N295S",-4.06,"Deleterious",0.007,"Damaging","probably damaging",0.997,"probably damaging","0.74","PASSENGER/OTHER",2.7,"high",3.51,"p.Asn295Ser","N","S",NA,NA
"28","ENSP00000371483","K400N",-4.06,"Deleterious",0.002,"Damaging","probably damaging",0.999,"probably damaging","0.57","PASSENGER/OTHER",0.81,"medium",2.41,"p.Lys400Asn","K","N",NA,NA
"29","ENSP00000371483","R526C",-7.29,"Deleterious",0,"Damaging","probably damaging",1,"probably damaging","0.89","PASSENGER/OTHER",2.6,"high",3.72,"p.Arg526Cys","R","C",NA,NA
"30","ENSP00000371483","K300N",-4.21,"Deleterious",0.002,"Damaging","probably damaging",0.997,"probably damaging","0.89","PASSENGER/OTHER",2.68,"high",3.51,"p.Lys300Asn","K","N",NA,NA
"31","ENSP00000371483","S389Y",-5.74,"Deleterious",0,"Damaging","probably damaging",1,"probably damaging","0.89","PASSENGER/OTHER",0.81,"medium",3.47,"p.Ser389Tyr","S","Y",NA,NA
"32","ENSP00000371483","T437M",-5.66,"Deleterious",0,"Damaging","probably damaging",0.995,"probably damaging","0.95","PASSENGER/OTHER",0.61,"medium",2.13,"p.Thr437Met","T","M","rs749870943",7.95241276203e-06
"33","ENSP00000371483","P410H",-8.3,"Deleterious",0.003,"Damaging","probably damaging",1,"probably damaging","0.95","PASSENGER/OTHER",0.67,"high",3.775,"p.Pro410His","P","H",NA,NA
"34","ENSP00000371483","P594A",-6.72,"Deleterious",0,"Damaging","probably damaging",1,"probably damaging","0.89","PASSENGER/OTHER",1.35,"medium",3.465,"p.Pro594Ala","P","A","rs1022087472",3.97709195036e-06
"35","ENSP00000371483","P506S",-7.35,"Deleterious",0,"Damaging","probably damaging",1,"probably damaging","0.95","PASSENGER/OTHER",2.31,"medium",3.37,"p.Pro506Ser","P","S",NA,NA
"36","ENSP00000371483","C490W",-8.99,"Deleterious",0,"Damaging","probably damaging",1,"probably damaging","0.89","PASSENGER/OTHER",0.97,"medium",3.425,"p.Cys490Trp","C","W",NA,NA
"37","ENSP00000371483","P360Q",-3.77,"Deleterious",0.039,"Damaging","probably damaging",0.982,"probably damaging","0.57","PASSENGER/OTHER",2.9,"medium",3.185,"p.Pro360Gln","P","Q","rs138755203",2.827974321993e-05
"38","ENSP00000371483","Y503C",-8.23,"Deleterious",0,"Damaging","probably damaging",1,"probably damaging","0.95","PASSENGER/OTHER",0.91,"medium",3.285,"p.Tyr503Cys","Y","C",NA,NA
"39","ENSP00000371483","P511S",-7.35,"Deleterious",0,"Damaging","probably damaging",1,"probably damaging","0.95","PASSENGER/OTHER",2.5,"high",4.085,"p.Pro511Ser","P","S",NA,NA
"40","ENSP00000371483","G425R",-6.47,"Deleterious",0.028,"Damaging","probably damaging",0.999,"probably damaging","0.89","PASSENGER/OTHER",0.89,"high",3.83,"p.Gly425Arg","G","R",NA,NA
"41","ENSP00000371483","R509H",-4.4,"Deleterious",0.001,"Damaging","probably damaging",1,"probably damaging","0.95","PASSENGER/OTHER",2.5,"medium",2.955,"p.Arg509His","R","H",NA,NA
"42","ENSP00000371483","L264P",-6.53,"Deleterious",0,"Damaging","probably damaging",1,"probably damaging","0.89","PASSENGER/OTHER",2.48,"high",3.515,"p.Leu264Pro","L","P",NA,NA
"43","ENSP00000371483","G498D",-6.43,"Deleterious",0.001,"Damaging","probably damaging",1,"probably damaging","0.95","PASSENGER/OTHER",-0.12,"high",4.805,"p.Gly498Asp","G","D",NA,NA
"44","ENSP00000371483","P504L",-8.33,"Deleterious",0.05,"Damaging","probably damaging",1,"probably damaging","0.95","PASSENGER/OTHER",0.98,"low",1.765,"p.Pro504Leu","P","L",NA,NA
"45","ENSP00000371483","K273M",-4.29,"Deleterious",0.008,"Damaging","probably damaging",0.999,"probably damaging","0.74","PASSENGER/OTHER",2.72,"medium",3.285,"p.Lys273Met","K","M",NA,NA
"46","ENSP00000371483","P233L",-9.44,"Deleterious",0.001,"Damaging","probably damaging",1,"probably damaging","0.95","PASSENGER/OTHER",0.98,"medium",2.89,"p.Pro233Leu","P","L",NA,NA
"47","ENSP00000371483","T154A",-4.28,"Deleterious",0.006,"Damaging","probably damaging",1,"probably damaging","0.95","PASSENGER/OTHER",-0.22,"medium",3.445,"p.Thr154Ala","T","A","rs201866415",2.12279671391e-05
"48","ENSP00000371483","W70R",-9.35,"Deleterious",0,"Damaging","probably damaging",1,"probably damaging","0.89","PASSENGER/OTHER",2.32,"medium",2.625,"p.Trp70Arg","W","R",NA,NA
"49","ENSP00000371483","S434F",-5.8,"Deleterious",0,"Damaging","probably damaging",0.997,"probably damaging","0.89","PASSENGER/OTHER",0.35,"high",4.51,"p.Ser434Phe","S","F",NA,NA
"50","ENSP00000371483","P52R",-4.54,"Deleterious",0.04,"Damaging","probably damaging",0.999,"probably damaging","0.57","PASSENGER/OTHER",2.48,"medium",2.625,"p.Pro52Arg","P","R",NA,NA
"51","ENSP00000371483","A181V",-3.32,"Deleterious",0.002,"Damaging","probably damaging",0.997,"probably damaging","0.89","PASSENGER/OTHER",0.64,"medium",2.505,"p.Ala181Val","A","V",NA,NA
"52","ENSP00000371483","T218S",-3.44,"Deleterious",0.005,"Damaging","probably damaging",0.999,"probably damaging","0.95","PASSENGER/OTHER",1,"medium",2.435,"p.Thr218Ser","T","S",NA,NA
"53","ENSP00000371483","T468A",-4.58,"Deleterious",0.003,"Damaging","probably damaging",0.998,"probably damaging","0.95","PASSENGER/OTHER",0.54,"high",4.145,"p.Thr468Ala","T","A",NA,NA
"54","ENSP00000371483","P561S",-6.97,"Deleterious",0.001,"Damaging","probably damaging",1,"probably damaging","0.89","PASSENGER/OTHER",2.78,"medium",3.3,"p.Pro561Ser","P","S",NA,NA
"55","ENSP00000371483","G257R",-7.08,"Deleterious",0.002,"Damaging","probably damaging",1,"probably damaging","0.74","PASSENGER/OTHER",2.68,"medium",3.47,"p.Gly257Arg","G","R","rs751362507",3.97633286677e-06
"56","ENSP00000371483","R526H",-4.56,"Deleterious",0,"Damaging","probably damaging",1,"probably damaging","0.89","PASSENGER/OTHER",2.62,"high",3.72,"p.Arg526His","R","H","rs1415224624",3.97671237234e-06
"57","ENSP00000371483","G498S",-5.52,"Deleterious",0.003,"Damaging","probably damaging",1,"probably damaging","0.95","PASSENGER/OTHER",-0.03,"medium",2.745,"p.Gly498Ser","G","S","rs1022453751",3.98895856269e-06
"58","ENSP00000371483","P317L",-5.75,"Deleterious",0.043,"Damaging","probably damaging",0.983,"probably damaging","0.57","PASSENGER/OTHER",2.86,"medium",3.23,"p.Pro317Leu","P","L",NA,NA
"59","ENSP00000371483","V157G",-6.06,"Deleterious",0,"Damaging","probably damaging",0.999,"probably damaging","0.89","PASSENGER/OTHER",0.53,"high",4.13,"p.Val157Gly","V","G",NA,NA
"60","ENSP00000371483","P270H",-8.2,"Deleterious",0,"Damaging","probably damaging",1,"probably damaging","0.95","PASSENGER/OTHER",1.81,"medium",3.5,"p.Pro270His","P","H",NA,NA
"61","ENSP00000371483","A217P",-4.62,"Deleterious",0.002,"Damaging","probably damaging",1,"probably damaging","0.95","PASSENGER/OTHER",0.7,"high",4.115,"p.Ala217Pro","A","P",NA,NA
"62","ENSP00000371483","S159N",-2.58,"Deleterious",0.028,"Damaging","probably damaging",1,"probably damaging","0.95","PASSENGER/OTHER",-0.74,"high",4.6,"p.Ser159Asn","S","N",NA,NA
"63","ENSP00000371483","S163L",-5.15,"Deleterious",0.001,"Damaging","probably damaging",0.999,"probably damaging","0.89","PASSENGER/OTHER",1.06,"medium",2.455,"p.Ser163Leu","S","L",NA,NA
"64","ENSP00000371483","S599L",-5.41,"Deleterious",0.001,"Damaging","probably damaging",0.999,"probably damaging","0.89","PASSENGER/OTHER",1.31,"medium",3.41,"p.Ser599Leu","S","L","rs116358149",7.07233585108e-06
"65","ENSP00000371483","P584T",-6.46,"Deleterious",0,"Damaging","probably damaging",1,"probably damaging","0.89","PASSENGER/OTHER",0.35,"medium",3.46,"p.Pro584Thr","P","T","rs61740663",3.579525116334e-05
"66","ENSP00000371483","A473V",-3.5,"Deleterious",0.002,"Damaging","probably damaging",0.997,"probably damaging","0.89","PASSENGER/OTHER",0.7,"high",3.555,"p.Ala473Val","A","V","rs1258211926",3.97639611267e-06
"67","ENSP00000371483","L500W",-5.08,"Deleterious",0,"Damaging","probably damaging",0.998,"possibly damaging","0.5","PASSENGER/OTHER",0.62,"high",4.225,"p.Leu500Trp","L","W",NA,NA
"68","ENSP00000371483","Y503F",-3.6,"Deleterious",0.019,"Damaging","probably damaging",0.989,"probably damaging","0.95","PASSENGER/OTHER",1.09,"low",1.415,"p.Tyr503Phe","Y","F",NA,NA
"69","ENSP00000371483","S461C",-4.23,"Deleterious",0.001,"Damaging","probably damaging",0.999,"probably damaging","0.74","PASSENGER/OTHER",0.79,"medium",2.47,"p.Ser461Cys","S","C","rs758978788",3.97630124458e-06
"70","ENSP00000371483","G150E",-6.64,"Deleterious",0.001,"Damaging","probably damaging",1,"probably damaging","0.95","CANCER",-1,"high",4.51,"p.Gly150Glu","G","E",NA,NA
"71","ENSP00000371483","V171A",-3.39,"Deleterious",0.001,"Damaging","probably damaging",1,"probably damaging","0.89","PASSENGER/OTHER",0.47,"low",1.665,"p.Val171Ala","V","A",NA,NA
"72","ENSP00000371483","L108F",-3.16,"Deleterious",0.035,"Damaging","probably damaging",1,"probably damaging","0.89","PASSENGER/OTHER",2.38,"medium",2.625,"p.Leu108Phe","L","F",NA,NA
"73","ENSP00000371483","G423R",-7.79,"Deleterious",0,"Damaging","probably damaging",1,"probably damaging","0.95","CANCER",-1,"high",5.01,"p.Gly423Arg","G","R","rs769110830",2.121055720133e-05
"74","ENSP00000371483","K90E",-2.73,"Deleterious",0.002,"Damaging","probably damaging",0.989,"probably damaging","0.57","PASSENGER/OTHER",2.42,"medium",2.585,"p.Lys90Glu","K","E",NA,NA
"75","ENSP00000371483","V558G",-5.98,"Deleterious",0,"Damaging","probably damaging",0.997,"probably damaging","0.89","PASSENGER/OTHER",2.45,"high",3.66,"p.Val558Gly","V","G",NA,NA
"76","ENSP00000371483","G365S",-5.66,"Deleterious",0,"Damaging","probably damaging",1,"probably damaging","0.95","PASSENGER/OTHER",1.41,"high",3.53,"p.Gly365Ser","G","S",NA,NA
"77","ENSP00000371483","V282A",-3.59,"Deleterious",0.022,"Damaging","probably damaging",0.969,"probably damaging","0.89","PASSENGER/OTHER",2.65,"medium",3.4,"p.Val282Ala","V","A","rs1403002865",3.98425422729e-06
"78","ENSP00000371483","I383T",-4.21,"Deleterious",0.002,"Damaging","probably damaging",0.988,"probably damaging","0.57","PASSENGER/OTHER",1.04,"medium",2.865,"p.Ile383Thr","I","T","rs771701778",3.97642773637e-06
"79","ENSP00000371483","I429S",-5.34,"Deleterious",0.001,"Damaging","probably damaging",0.963,"probably damaging","0.57","PASSENGER/OTHER",0.79,"high",3.57,"p.Ile429Ser","I","S",NA,NA
"80","ENSP00000371483","S438L",-5.66,"Deleterious",0.001,"Damaging","probably damaging",0.999,"probably damaging","0.95","PASSENGER/OTHER",0.99,"medium",2.49,"p.Ser438Leu","S","L","rs200073812",1.192861914304e-05
"81","ENSP00000371483","S297I",-5.48,"Deleterious",0,"Damaging","probably damaging",1,"probably damaging","0.89","PASSENGER/OTHER",2.57,"high",3.53,"p.Ser297Ile","S","I",NA,NA
"82","ENSP00000371483","V558F",-3.96,"Deleterious",0.04,"Damaging","probably damaging",0.999,"probably damaging","0.89","PASSENGER/OTHER",2.51,"medium",3.11,"p.Val558Phe","V","F",NA,NA
"83","ENSP00000371483","G205R",-5.67,"Deleterious",0.04,"Damaging","probably damaging",0.994,"probably damaging","0.74","PASSENGER/OTHER",2.56,"medium",1.98,"p.Gly205Arg","G","R",NA,NA
"84","ENSP00000371483","A550T",-3.57,"Deleterious",0.004,"Damaging","probably damaging",0.997,"probably damaging","0.89","PASSENGER/OTHER",2.59,"high",3.65,"p.Ala550Thr","A","T",NA,NA
"85","ENSP00000371483","C645Y",-3.48,"Deleterious",0.022,"Damaging","probably damaging",0.966,"probably damaging","0.57","PASSENGER/OTHER",2.16,"medium",2.815,"p.Cys645Tyr","C","Y",NA,NA
"86","ENSP00000371483","R513C",-6.11,"Deleterious",0.02,"Damaging","probably damaging",0.999,"probably damaging","0.74","PASSENGER/OTHER",2.79,"medium",3.185,"p.Arg513Cys","R","C","rs147732740",7.95760189709e-06
"87","ENSP00000371483","A213T",-3.71,"Deleterious",0.002,"Damaging","probably damaging",0.999,"probably damaging","0.95","PASSENGER/OTHER",0.78,"medium",2.375,"p.Ala213Thr","A","T",NA,NA
"88","ENSP00000371483","S114F",-5.14,"Deleterious",0,"Damaging","probably damaging",1,"probably damaging","0.89","PASSENGER/OTHER",0.75,"medium",3.45,"p.Ser114Phe","S","F",NA,NA
